Time,Vertical Speed,Horizontal Speed,Distance,Altitude,Angle,Weight,Acceleration Rate,Fuel
0,24.8,932,181000,13748,58.3,286,0,121
1,25.533,932,180068,13722.467,58.3,285.845,1.543,120.845
2,25.455,930.687,179137.313,13697.012,58.3,285.689,1.55,120.689
3,25.374,929.368,178207.944,13671.638,58.3,285.532,1.558,120.532
4,25.291,928.043,177279.901,13646.347,58.3,285.374,1.565,120.374
5,25.205,926.711,176353.19,13621.142,58.3,285.216,1.573,120.216
6,25.116,925.373,175427.816,13596.026,58.3,285.058,1.58,120.058
7,25.025,924.029,174503.788,13571.001,58.3,284.898,1.588,119.898
8,24.931,922.678,173581.11,13546.069,58.3,284.738,1.595,119.738
9,24.835,921.321,172659.789,13521.235,58.3,284.578,1.596,119.578
10,24.739,919.963,171739.826,13496.496,58.3,284.418,1.597,119.418
11,24.644,918.604,170821.222,13471.852,58.3,284.258,1.598,119.258
12,24.55,917.244,169903.978,13447.302,58.3,284.098,1.599,119.098
13,24.456,915.884,168988.094,13422.846,58.3,283.938,1.6,118.938
14,24.364,914.523,168073.571,13398.482,58.3,283.778,1.601,118.778
15,24.272,913.161,167160.41,13374.21,58.3,283.618,1.602,118.618
16,24.181,911.798,166248.611,13350.028,58.3,283.458,1.602,118.458
17,24.091,910.435,165338.176,13325.937,58.3,283.298,1.603,118.298
18,24.002,909.071,164429.105,13301.934,58.3,283.138,1.604,118.138
19,23.914,907.706,163521.399,13278.021,58.3,282.977,1.605,117.977
20,23.826,906.34,162615.059,13254.194,58.3,282.817,1.606,117.817
21,23.74,904.974,161710.085,13230.455,58.3,282.657,1.607,117.657
22,23.654,903.607,160806.479,13206.801,58.3,282.497,1.608,117.497
23,23.569,902.239,159904.24,13183.232,58.3,282.337,1.609,117.337
24,23.484,900.87,159003.37,13159.748,58.3,282.177,1.61,117.177
25,23.401,899.5,158103.87,13136.347,58.3,282.017,1.611,117.017
26,23.318,898.13,157205.741,13113.028,58.3,281.857,1.612,116.857
27,23.237,896.759,156308.982,13089.791,58.3,281.697,1.612,116.697
28,23.156,895.387,155413.595,13066.636,58.3,281.537,1.613,116.537
29,23.076,894.014,154519.581,13043.56,58.3,281.377,1.614,116.377
30,22.996,892.641,153626.94,13020.563,58.3,281.217,1.615,116.217
31,22.918,891.266,152735.674,12997.645,58.3,281.057,1.616,116.057
32,22.84,889.891,151845.783,12974.805,58.3,280.897,1.617,115.897
33,22.764,888.515,150957.267,12952.041,58.3,280.737,1.618,115.737
34,22.688,887.139,150070.129,12929.354,58.3,280.577,1.619,115.577
35,22.613,885.761,149184.367,12906.741,58.3,280.416,1.62,115.416
36,22.538,884.383,148299.984,12884.203,58.3,280.256,1.621,115.256
37,22.465,883.004,147416.98,12861.738,58.3,280.096,1.622,115.096
38,22.392,881.625,146535.355,12839.346,58.3,279.936,1.623,114.936
39,22.32,880.244,145655.111,12817.026,58.3,279.776,1.624,114.776
40,22.249,878.863,144776.248,12794.777,58.3,279.616,1.624,114.616
41,22.179,877.481,143898.768,12772.597,58.3,279.456,1.625,114.456
42,22.11,876.098,143022.67,12750.488,58.3,279.296,1.626,114.296
43,22.041,874.714,142147.956,12728.446,58.3,279.136,1.627,114.136
44,21.974,873.329,141274.627,12706.473,58.3,278.976,1.628,113.976
45,21.907,871.944,140402.683,12684.566,58.3,278.816,1.629,113.816
46,21.841,870.558,139532.124,12662.725,58.3,278.656,1.63,113.656
47,21.776,869.171,138662.953,12640.949,58.3,278.496,1.631,113.496
48,21.711,867.783,137795.17,12619.238,58.3,278.336,1.632,113.336
49,21.648,866.395,136928.775,12597.59,58.3,278.176,1.633,113.176
50,21.585,865.006,136063.769,12576.005,58.3,278.016,1.634,113.016
51,21.523,863.616,135200.153,12554.482,58.3,277.855,1.635,112.855
52,21.462,862.225,134337.929,12533.019,58.3,277.695,1.636,112.695
53,21.402,860.833,133477.096,12511.617,58.3,277.535,1.637,112.535
54,21.343,859.441,132617.655,12490.275,58.3,277.375,1.638,112.375
55,21.284,858.047,131759.608,12468.99,58.3,277.215,1.639,112.215
56,21.227,856.653,130902.955,12447.764,58.3,277.055,1.639,112.055
57,21.17,855.258,130047.696,12426.594,58.3,276.895,1.64,111.895
58,21.114,853.863,129193.834,12405.481,58.3,276.735,1.641,111.735
59,21.058,852.466,128341.368,12384.422,58.3,276.575,1.642,111.575
60,21.004,851.069,127490.299,12363.418,58.3,276.415,1.643,111.415
61,20.951,849.671,126640.628,12342.468,58.3,276.255,1.644,111.255
62,20.898,848.272,125792.356,12321.57,58.3,276.095,1.645,111.095
63,20.846,846.872,124945.484,12300.724,58.3,275.935,1.646,110.935
64,20.795,845.471,124100.013,12279.929,58.3,275.775,1.647,110.775
65,20.745,844.07,123255.943,12259.184,58.3,275.615,1.648,110.615
66,20.695,842.668,122413.275,12238.488,58.3,275.455,1.649,110.455
67,20.647,841.265,121572.01,12217.841,58.3,275.294,1.65,110.294
68,20.599,839.861,120732.149,12197.242,58.3,275.134,1.651,110.134
69,20.552,838.456,119893.693,12176.69,58.3,274.974,1.652,109.974
70,20.506,837.051,119056.642,12156.183,58.3,274.814,1.653,109.814
71,20.461,835.645,118220.997,12135.722,58.3,274.654,1.654,109.654
72,20.417,834.238,117386.76,12115.305,58.3,274.494,1.655,109.494
73,20.373,832.83,116553.93,12094.932,58.3,274.334,1.656,109.334
74,20.331,831.421,115722.509,12074.601,58.3,274.174,1.657,109.174
75,20.289,830.011,114892.498,12054.312,58.3,274.014,1.658,109.014
76,20.248,828.601,114063.897,12034.064,58.3,273.854,1.659,108.854
77,20.208,827.19,113236.707,12013.857,58.3,273.694,1.66,108.694
78,20.168,825.778,112410.93,11993.688,58.3,273.534,1.661,108.534
79,20.13,824.365,111586.565,11973.558,58.3,273.374,1.662,108.374
80,20.092,822.951,110763.614,11953.466,58.3,273.214,1.663,108.214
81,20.055,821.537,109942.077,11933.411,58.3,273.054,1.664,108.054
82,20.019,820.121,109121.956,11913.391,58.3,272.894,1.664,107.894
83,19.984,818.705,108303.25,11893.407,58.3,272.734,1.665,107.734
84,19.95,817.288,107485.962,11873.457,58.3,272.574,1.66,107.574
85,19.92,815.876,106670.086,11853.537,58.3,272.415,1.654,107.415
86,19.895,814.469,105855.617,11833.642,58.3,272.257,1.648,107.257
87,19.874,813.068,105042.549,11813.768,58.3,272.1,1.642,107.1
88,19.858,811.671,104230.878,11793.91,58.3,271.943,1.636,106.943
89,19.846,810.279,103420.599,11774.064,58.3,271.787,1.63,106.787
90,19.838,808.893,102611.706,11754.226,58.3,271.632,1.624,106.632
91,19.836,807.512,101804.194,11734.39,58.3,271.477,1.617,106.477
92,19.837,806.135,100998.059,11714.553,58.3,271.323,1.611,106.323
93,19.843,804.764,100193.294,11694.71,58.3,271.17,1.605,106.17
94,19.854,803.399,99389.896,11674.856,58.3,271.017,1.599,106.017
95,19.869,802.038,98587.858,11654.987,58.3,270.865,1.593,105.865
96,19.888,800.682,97787.175,11635.099,58.3,270.713,1.587,105.713
97,19.912,799.332,96987.843,11615.186,58.3,270.563,1.581,105.563
98,19.941,797.987,96189.857,11595.245,58.3,270.412,1.575,105.412
99,19.974,796.647,95393.21,11575.271,58.3,270.263,1.569,105.263
100,20.012,795.312,94597.898,11555.26,58.3,270.114,1.563,105.114
101,20.054,793.983,93803.915,11535.206,58.3,269.966,1.564,104.966
102,20.097,792.652,93011.263,11515.109,58.3,269.817,1.564,104.817
103,20.14,791.321,92219.942,11494.969,58.3,269.668,1.565,104.668
104,20.185,789.99,91429.952,11474.784,58.3,269.519,1.566,104.519
105,20.23,788.657,90641.295,11454.554,58.3,269.371,1.567,104.371
106,20.276,787.324,89853.971,11434.278,58.3,269.222,1.568,104.222
107,20.323,785.99,89067.981,11413.955,58.3,269.073,1.569,104.073
108,20.371,784.655,88283.326,11393.584,58.3,268.924,1.57,103.924
109,20.419,783.32,87500.006,11373.165,58.3,268.776,1.57,103.776
110,20.469,781.984,86718.023,11352.696,58.3,268.627,1.571,103.627
111,20.519,780.647,85937.376,11332.177,58.3,268.478,1.572,103.478
112,20.57,779.309,85158.067,11311.607,58.3,268.329,1.573,103.329
113,20.622,777.971,84380.096,11290.985,58.3,268.181,1.574,103.181
114,20.675,776.632,83603.464,11270.311,58.3,268.032,1.575,103.032
115,20.728,775.292,82828.173,11249.583,58.3,267.883,1.576,102.883
116,20.782,773.951,82054.222,11228.801,58.3,267.735,1.577,102.735
117,20.837,772.61,81281.612,11207.963,58.3,267.586,1.577,102.586
118,20.893,771.268,80510.344,11187.07,58.3,267.437,1.578,102.437
119,20.95,769.925,79740.419,11166.12,58.3,267.288,1.579,102.288
120,21.008,768.581,78971.838,11145.112,58.3,267.14,1.58,102.14
121,21.066,767.237,78204.601,11124.046,58.3,266.991,1.581,101.991
122,21.125,765.892,77438.71,11102.921,58.3,266.842,1.582,101.842
123,21.185,764.546,76674.164,11081.735,58.3,266.693,1.583,101.693
124,21.246,763.199,75910.964,11060.489,58.3,266.545,1.584,101.545
125,21.308,761.852,75149.112,11039.181,58.3,266.396,1.584,101.396
126,21.37,760.504,74388.608,11017.811,58.3,266.247,1.585,101.247
127,21.434,759.155,73629.453,10996.377,58.3,266.098,1.586,101.098
128,21.498,757.805,72871.648,10974.879,58.3,265.95,1.587,100.95
129,21.563,756.455,72115.193,10953.316,58.3,265.801,1.588,100.801
130,21.629,755.104,71360.089,10931.688,58.3,265.652,1.589,100.652
131,21.695,753.752,70606.337,10909.992,58.3,265.503,1.59,100.503
132,21.763,752.399,69853.937,10888.23,58.3,265.355,1.591,100.355
133,21.831,751.046,69102.891,10866.399,58.3,265.206,1.592,100.206
134,21.9,749.692,68353.199,10844.499,58.3,265.057,1.592,100.057
135,21.97,748.337,67604.862,10822.529,58.3,264.908,1.593,99.908
136,22.041,746.981,66857.881,10800.488,58.3,264.76,1.594,99.76
137,22.112,745.625,66112.256,10778.376,58.3,264.611,1.595,99.611
138,22.185,744.268,65367.988,10756.192,58.3,264.462,1.596,99.462
139,22.258,742.91,64625.078,10733.934,58.3,264.313,1.597,99.313
140,22.332,741.551,63883.527,10711.602,58.3,264.165,1.598,99.165
141,22.407,740.192,63143.336,10689.195,58.3,264.016,1.599,99.016
142,22.482,738.831,62404.504,10666.713,58.3,263.867,1.6,98.867
143,22.559,737.47,61667.034,10644.154,58.3,263.719,1.601,98.719
144,22.636,736.109,60930.926,10621.518,58.3,263.57,1.601,98.57
145,22.714,734.746,60196.18,10598.804,58.3,263.421,1.602,98.421
146,22.793,733.383,59462.797,10576.011,58.3,263.272,1.603,98.272
147,22.873,732.019,58730.778,10553.138,58.3,263.124,1.604,98.124
148,22.954,730.654,58000.125,10530.185,58.3,262.975,1.605,97.975
149,23.035,729.288,57270.836,10507.15,58.3,262.826,1.606,97.826
150,23.117,727.922,56542.915,10484.032,58.3,262.677,1.607,97.677
151,23.2,726.555,55816.36,10460.832,58.3,262.529,1.608,97.529
152,23.284,725.187,55091.174,10437.548,58.3,262.38,1.609,97.38
153,23.369,723.818,54367.356,10414.179,58.3,262.231,1.61,97.231
154,23.455,722.448,53644.908,10390.724,58.3,262.082,1.611,97.082
155,23.541,721.078,52923.83,10367.183,58.3,261.934,1.611,96.934
156,23.628,719.707,52204.123,10343.555,58.3,261.785,1.612,96.785
157,23.716,718.335,51485.787,10319.839,58.3,261.636,1.613,96.636
158,23.805,716.963,50768.825,10296.034,58.3,261.487,1.614,96.487
159,23.895,715.589,50053.236,10272.139,58.3,261.339,1.615,96.339
160,23.985,714.215,49339.021,10248.154,58.3,261.19,1.616,96.19
161,24.077,712.84,48626.181,10224.077,58.3,261.041,1.617,96.041
162,24.169,711.464,47914.717,10199.908,58.3,260.892,1.618,95.892
163,24.262,710.088,47204.629,10175.646,58.3,260.744,1.619,95.744
164,24.356,708.71,46495.919,10151.29,58.3,260.595,1.62,95.595
165,24.45,707.332,45788.587,10126.84,58.3,260.446,1.621,95.446
166,24.546,705.953,45082.633,10102.294,58.3,260.298,1.622,95.298
167,24.642,704.574,44378.06,10077.652,58.3,260.149,1.623,95.149
168,24.739,703.193,43674.866,10052.913,58.3,260,1.623,95
169,24.837,701.812,42973.054,10028.075,58.3,259.851,1.624,94.851
170,24.936,700.43,42272.625,10003.139,58.3,259.703,1.625,94.703
171,25.036,699.047,41573.577,9978.103,58.3,259.554,1.626,94.554
172,25.136,697.663,40875.914,9952.967,58.3,259.404,1.634,94.404
173,25.234,696.273,40179.641,9927.733,58.3,259.254,1.643,94.254
174,25.328,694.875,39484.766,9902.405,58.3,259.104,1.651,94.104
175,25.42,693.47,38791.296,9876.985,58.3,258.952,1.659,93.952
176,25.508,692.059,38099.237,9851.477,58.3,258.8,1.668,93.8
177,25.594,690.64,37408.597,9825.883,58.3,258.647,1.676,93.647
178,25.676,689.214,36719.382,9800.207,58.3,258.494,1.684,93.494
179,25.756,687.781,36031.601,9774.451,58.3,258.34,1.692,93.34
180,25.832,686.342,35345.26,9748.619,58.3,258.185,1.701,93.185
181,25.906,684.894,34660.365,9722.714,58.3,258.03,1.709,93.03
182,25.976,683.44,33976.925,9696.738,58.3,257.874,1.717,92.874
183,26.043,681.979,33294.946,9670.694,58.3,257.717,1.726,92.717
184,26.108,680.511,32614.435,9644.586,58.3,257.56,1.734,92.56
185,26.169,679.035,31935.4,9618.417,58.3,257.402,1.743,92.402
186,26.228,677.553,31257.847,9592.189,58.3,257.243,1.751,92.243
187,26.283,676.063,30581.784,9565.906,58.3,257.083,1.76,92.083
188,26.335,674.566,29907.219,9539.571,58.3,256.923,1.768,91.923
189,26.385,673.062,29234.157,9513.186,58.3,256.763,1.776,91.763
190,26.431,671.55,28562.607,9486.755,58.3,256.601,1.785,91.601
191,26.475,670.032,27892.575,9460.28,58.3,256.439,1.793,91.439
192,26.515,668.506,27224.07,9433.766,58.3,256.276,1.802,91.276
193,26.552,666.973,26557.097,9407.213,58.3,256.113,1.81,91.113
194,26.586,665.432,25891.665,9380.627,58.3,255.949,1.819,90.949
195,26.618,663.885,25227.78,9354.009,58.3,255.784,1.828,90.784
196,26.646,662.33,24565.451,9327.363,58.3,255.619,1.836,90.619
197,26.671,660.767,23904.683,9300.692,58.3,255.453,1.845,90.453
198,26.693,659.198,23245.485,9273.999,58.3,255.286,1.853,90.286
199,26.713,657.621,22587.864,9247.286,58.3,255.119,1.862,90.119
200,26.729,656.037,21931.827,9220.558,58.3,254.951,1.871,89.951
201,26.742,654.445,21277.382,9193.816,58.3,254.782,1.879,89.782
202,26.752,652.847,20624.535,9167.064,58.3,254.613,1.888,89.613
203,26.759,651.24,19973.295,9140.305,58.3,254.442,1.897,89.442
204,26.763,649.627,19323.668,9113.542,58.3,254.272,1.905,89.272
205,26.764,648.006,18675.663,9086.778,58.3,254.1,1.914,89.1
206,26.762,646.377,18029.286,9060.016,58.3,253.928,1.923,88.928
207,26.757,644.741,17384.544,9033.259,58.3,253.756,1.932,88.756
208,26.749,643.098,16741.447,9006.51,58.3,253.582,1.94,88.582
209,26.738,641.447,16100,8979.773,58.3,253.408,1.949,88.408
210,26.723,639.789,15460.211,8953.05,58.3,253.233,1.958,88.233
211,26.706,638.123,14822.088,8926.344,58.3,253.058,1.967,88.058
212,26.686,636.449,14185.639,8899.658,58.3,252.882,1.976,87.882
213,26.662,634.769,13550.87,8872.995,58.3,252.705,1.984,87.705
214,26.636,633.08,12917.79,8846.359,58.3,252.528,1.993,87.528
215,26.606,631.384,12286.406,8819.753,58.3,252.35,2.002,87.35
216,26.574,629.681,11656.725,8793.179,58.3,252.171,2.011,87.171
217,26.538,627.97,11028.756,8766.641,58.3,251.992,2.02,86.992
218,26.5,626.251,10402.505,8740.141,58.3,251.812,2.029,86.812
219,26.458,624.525,9777.98,8713.683,58.3,251.631,2.038,86.631
220,26.413,622.791,9155.189,8687.27,58.3,251.45,2.047,86.45
221,26.365,621.049,8534.14,8660.904,58.3,251.268,2.056,86.268
222,26.315,619.3,7914.84,8634.59,58.3,251.085,2.065,86.085
223,26.261,617.543,7297.297,8608.329,58.3,250.902,2.074,85.902
224,26.203,615.778,6681.519,8582.126,58.3,250.718,2.083,85.718
225,26.143,614.006,6067.513,8555.982,58.3,250.533,2.092,85.533
226,26.08,612.226,5455.287,8529.902,58.3,250.347,2.101,85.347
227,26.014,610.438,4844.849,8503.888,58.3,250.161,2.11,85.161
228,25.944,608.643,4236.206,8477.944,58.3,249.975,2.12,84.975
229,25.872,606.839,3629.367,8452.072,58.3,249.787,2.129,84.787
230,25.796,605.028,3024.339,8426.276,58.3,249.599,2.138,84.599
231,25.718,603.209,2421.13,8400.558,58.3,249.411,2.147,84.411
232,25.636,601.383,1819.747,8374.922,58.3,249.221,2.156,84.221
233,25.551,599.548,1220.199,8349.371,58.3,249.031,2.166,84.031
234,25.463,597.705,622.494,8323.908,58.3,248.841,2.175,83.841
235,25.372,595.855,26.638,8298.535,58.3,248.649,2.184,83.649
236,25.278,593.997,-567.359,8273.257,58.3,248.457,2.193,83.457
237,25.181,592.131,-1159.489,8248.077,58.3,248.264,2.203,83.264
238,25.08,590.257,-1749.746,8222.996,58.3,248.071,2.212,83.071
239,24.977,588.375,-2338.121,8198.02,58.3,247.877,2.221,82.877
240,24.87,586.485,-2924.606,8173.15,58.3,247.683,2.223,82.683
241,24.764,584.593,-3509.199,8148.385,58.3,247.489,2.225,82.489
242,24.66,582.701,-4091.9,8123.726,58.3,247.295,2.227,82.295
243,24.556,580.806,-4672.706,8099.17,58.3,247.101,2.228,82.101
244,24.453,578.91,-5251.616,8074.718,58.3,246.907,2.23,81.907
245,24.35,577.013,-5828.629,8050.367,58.3,246.713,2.232,81.713
246,24.249,575.114,-6403.743,8026.118,58.3,246.519,2.234,81.519
247,24.149,573.214,-6976.957,8001.97,58.3,246.325,2.235,81.325
248,24.049,571.312,-7548.269,7977.92,58.3,246.131,2.237,81.131
249,23.95,569.408,-8117.677,7953.97,58.3,245.937,2.239,80.937
250,23.853,567.504,-8685.181,7930.117,58.3,245.743,2.241,80.743
251,23.756,565.597,-9250.778,7906.361,58.3,245.549,2.242,80.549
252,23.66,563.689,-9814.468,7882.702,58.3,245.355,2.244,80.355
253,23.565,561.78,-10376.248,7859.137,58.3,245.161,2.246,80.161
254,23.471,559.869,-10936.117,7835.666,58.3,244.967,2.248,79.967
255,23.377,557.957,-11494.074,7812.289,58.3,244.773,2.25,79.773
256,23.285,556.043,-12050.117,7789.004,58.3,244.579,2.251,79.579
257,23.193,554.127,-12604.244,7765.811,58.3,244.385,2.253,79.385
258,23.103,552.21,-13156.455,7742.708,58.3,244.191,2.255,79.191
259,23.013,550.292,-13706.747,7719.695,58.3,243.996,2.257,78.996
260,22.924,548.372,-14255.118,7696.771,58.3,243.802,2.258,78.802
261,22.836,546.45,-14801.569,7673.935,58.3,243.608,2.26,78.608
262,22.749,544.527,-15346.096,7651.185,58.3,243.414,2.262,78.414
263,22.663,542.603,-15888.699,7628.523,58.3,243.22,2.264,78.22
264,22.578,540.677,-16429.376,7605.945,58.3,243.026,2.266,78.026
265,22.493,538.749,-16968.125,7583.452,58.3,242.832,2.267,77.832
266,22.41,536.82,-17504.945,7561.042,58.3,242.638,2.269,77.638
267,22.327,534.889,-18039.834,7538.715,58.3,242.444,2.271,77.444
268,22.245,532.957,-18572.79,7516.47,58.3,242.25,2.273,77.25
269,22.164,531.023,-19103.813,7494.306,58.3,242.056,2.275,77.056
270,22.084,529.088,-19632.901,7472.221,58.3,241.862,2.277,76.862
271,22.005,527.151,-20160.052,7450.216,58.3,241.668,2.278,76.668
272,21.927,525.212,-20685.264,7428.289,58.3,241.474,2.28,76.474
273,21.85,523.272,-21208.536,7406.439,58.3,241.28,2.282,76.28
274,21.773,521.33,-21729.866,7384.666,58.3,241.086,2.284,76.086
275,21.698,519.387,-22249.253,7362.968,58.3,240.892,2.286,75.892
276,21.623,517.442,-22766.696,7341.345,58.3,240.698,2.288,75.698
277,21.549,515.496,-23282.192,7319.796,58.3,240.504,2.289,75.504
278,21.476,513.548,-23795.74,7298.319,58.3,240.31,2.291,75.31
279,21.404,511.599,-24307.339,7276.915,58.3,240.116,2.293,75.116
280,21.333,509.648,-24816.987,7255.581,58.3,239.922,2.295,74.922
281,21.263,507.695,-25324.682,7234.318,58.3,239.728,2.297,74.728
282,21.194,505.741,-25830.423,7213.124,58.3,239.534,2.299,74.534
283,21.125,503.785,-26334.208,7191.999,58.3,239.34,2.301,74.34
284,21.058,501.828,-26836.036,7170.941,58.3,239.146,2.302,74.146
285,20.991,499.869,-27335.905,7149.95,58.3,238.952,2.304,73.952
286,20.925,497.908,-27833.813,7129.025,58.3,238.758,2.306,73.758
287,20.86,495.946,-28329.76,7108.164,58.3,238.564,2.308,73.564
288,20.796,493.983,-28823.742,7087.368,58.3,238.37,2.31,73.37
289,20.733,492.017,-29315.76,7066.634,58.3,238.176,2.312,73.176
290,20.671,490.05,-29805.81,7045.963,58.3,237.982,2.314,72.982
291,20.61,488.082,-30293.892,7025.354,58.3,237.788,2.316,72.788
292,20.549,486.112,-30780.003,7004.804,58.3,237.594,2.317,72.594
293,20.49,484.14,-31264.143,6984.315,58.3,237.4,2.319,72.4
294,20.431,482.167,-31746.31,6963.884,58.3,237.206,2.321,72.206
295,20.373,480.192,-32226.501,6943.511,58.3,237.011,2.323,72.011
296,20.316,478.215,-32704.716,6923.194,58.3,236.817,2.325,71.817
297,20.26,476.237,-33180.953,6902.934,58.3,236.623,2.327,71.623
298,20.205,474.257,-33655.21,6882.729,58.3,236.429,2.329,71.429
299,20.151,472.275,-34127.485,6862.578,58.3,236.235,2.331,71.235
300,20.097,470.292,-34597.778,6842.481,58.3,236.041,2.333,71.041
301,20.045,468.308,-35066.085,6822.436,58.3,235.847,2.335,70.847
302,19.993,466.321,-35532.407,6802.443,58.3,235.653,2.337,70.653
303,19.943,464.333,-35996.74,6782.5,58.3,235.46,2.33,70.46
304,19.897,462.351,-36459.091,6762.603,58.3,235.267,2.324,70.267
305,19.856,460.373,-36919.464,6742.747,58.3,235.075,2.318,70.075
306,19.821,458.401,-37377.864,6722.926,58.3,234.884,2.312,69.884
307,19.791,456.434,-37834.298,6703.135,58.3,234.693,2.306,69.693
308,19.766,454.472,-38288.77,6683.369,58.3,234.503,2.3,69.503
309,19.746,452.515,-38741.285,6663.624,58.3,234.314,2.293,69.314
310,19.731,450.564,-39191.849,6643.893,58.3,234.125,2.287,69.125
311,19.721,448.618,-39640.467,6624.172,58.3,233.937,2.281,68.937
312,19.716,446.677,-40087.144,6604.456,58.3,233.75,2.275,68.75
313,19.717,444.742,-40531.885,6584.739,58.3,233.563,2.268,68.563
314,19.722,442.812,-40974.697,6565.016,58.3,233.377,2.262,68.377
315,19.733,440.887,-41415.584,6545.283,58.3,233.192,2.256,68.192
316,19.749,438.968,-41854.552,6525.534,58.3,233.007,2.25,68.007
317,19.77,437.054,-42291.606,6505.764,58.3,232.823,2.243,67.823
318,19.797,435.145,-42726.751,6485.967,58.3,232.639,2.237,67.639
319,19.828,433.242,-43159.993,6466.139,58.3,232.457,2.23,67.457
320,19.865,431.344,-43591.337,6446.275,58.3,232.275,2.224,67.275
321,19.906,429.452,-44020.789,6426.369,58.3,232.093,2.218,67.093
322,19.953,427.565,-44448.355,6406.415,58.3,231.913,2.211,66.913
323,20.005,425.684,-44874.038,6386.41,58.3,231.733,2.205,66.733
324,20.063,423.808,-45297.846,6366.347,58.3,231.553,2.207,66.553
325,20.121,421.931,-45719.777,6346.227,58.3,231.372,2.208,66.372
326,20.18,420.052,-46139.829,6326.047,58.3,231.192,2.21,66.192
327,20.24,418.172,-46558,6305.807,58.3,231.012,2.212,66.012
328,20.301,416.29,-46974.29,6285.507,58.3,230.832,2.213,65.832
329,20.362,414.407,-47388.697,6265.144,58.3,230.652,2.215,65.652
330,20.425,412.522,-47801.219,6244.719,58.3,230.472,2.217,65.472
331,20.488,410.636,-48211.855,6224.231,58.3,230.292,2.219,65.292
332,20.553,408.748,-48620.603,6203.678,58.3,230.112,2.22,65.112
333,20.618,406.859,-49027.462,6183.06,58.3,229.932,2.222,64.932
334,20.684,404.968,-49432.43,6162.376,58.3,229.752,2.224,64.752
335,20.751,403.076,-49835.507,6141.625,58.3,229.572,2.226,64.572
336,20.819,401.183,-50236.69,6120.806,58.3,229.392,2.227,64.392
337,20.888,399.288,-50635.977,6099.918,58.3,229.212,2.229,64.212
338,20.958,397.391,-51033.369,6078.96,58.3,229.032,2.231,64.032
339,21.028,395.493,-51428.862,6057.932,58.3,228.852,2.233,63.852
340,21.1,393.594,-51822.456,6036.832,58.3,228.672,2.234,63.672
341,21.172,391.693,-52214.149,6015.659,58.3,228.492,2.236,63.492
342,21.246,389.79,-52603.939,5994.414,58.3,228.312,2.238,63.312
343,21.32,387.886,-52991.825,5973.094,58.3,228.132,2.24,63.132
344,21.395,385.981,-53377.806,5951.7,58.3,227.952,2.241,62.952
345,21.471,384.074,-53761.88,5930.229,58.3,227.772,2.243,62.772
346,21.547,382.165,-54144.045,5908.681,58.3,227.592,2.245,62.592
347,21.625,380.255,-54524.301,5887.056,58.3,227.412,2.247,62.412
348,21.704,378.344,-54902.644,5865.352,58.3,227.231,2.248,62.231
349,21.783,376.431,-55279.075,5843.569,58.3,227.051,2.25,62.051
350,21.864,374.516,-55653.591,5821.705,58.3,226.871,2.252,61.871
351,21.945,372.6,-56026.191,5799.761,58.3,226.691,2.254,61.691
352,22.027,370.682,-56396.874,5777.733,58.3,226.511,2.256,61.511
353,22.11,368.763,-56765.637,5755.623,58.3,226.331,2.257,61.331
354,22.194,366.843,-57132.48,5733.429,58.3,226.151,2.259,61.151
355,22.279,364.92,-57497.4,5711.15,58.3,225.971,2.261,60.971
356,22.365,362.997,-57860.397,5688.786,58.3,225.791,2.263,60.791
357,22.451,361.071,-58221.468,5666.334,58.3,225.611,2.265,60.611
358,22.539,359.145,-58580.613,5643.796,58.3,225.431,2.266,60.431
359,22.627,357.216,-58937.829,5621.169,58.3,225.251,2.268,60.251
360,22.716,355.287,-59293.116,5598.452,58.3,225.071,2.27,60.071
361,22.806,353.355,-59646.471,5575.646,58.3,224.891,2.272,59.891
362,22.898,351.422,-59997.893,5552.748,58.3,224.711,2.274,59.711
363,22.989,349.488,-60347.381,5529.759,58.3,224.531,2.276,59.531
364,23.082,347.552,-60694.932,5506.677,58.3,224.351,2.277,59.351
365,23.176,345.614,-61040.546,5483.501,58.3,224.171,2.279,59.171
366,23.271,343.675,-61384.221,5460.23,58.3,223.991,2.281,58.991
367,23.366,341.734,-61725.955,5436.864,58.3,223.811,2.283,58.811
368,23.462,339.792,-62065.747,5413.402,58.3,223.631,2.285,58.631
369,23.56,337.848,-62403.595,5389.842,58.3,223.451,2.287,58.451
370,23.658,335.903,-62739.497,5366.184,58.3,223.271,2.288,58.271
371,23.757,333.956,-63073.453,5342.428,58.3,223.091,2.29,58.091
372,23.857,332.007,-63405.46,5318.571,58.3,222.91,2.292,57.91
373,23.958,330.057,-63735.517,5294.613,58.3,222.73,2.294,57.73
374,24.059,328.105,-64063.622,5270.554,58.3,222.55,2.296,57.55
375,24.162,326.152,-64389.774,5246.392,58.3,222.37,2.298,57.37
376,24.265,324.197,-64713.971,5222.127,58.3,222.19,2.3,57.19
377,24.37,322.241,-65036.211,5197.757,58.3,222.01,2.301,57.01
378,24.475,320.282,-65356.494,5173.283,58.3,221.83,2.303,56.83
379,24.581,318.323,-65674.816,5148.702,58.3,221.65,2.305,56.65
380,24.688,316.362,-65991.178,5124.014,58.3,221.47,2.307,56.47
381,24.796,314.399,-66305.577,5099.218,58.3,221.29,2.309,56.29
382,24.905,312.434,-66618.011,5074.313,58.3,221.11,2.311,56.11
383,25.014,310.468,-66928.48,5049.299,58.3,220.93,2.313,55.93
384,25.125,308.501,-67236.98,5024.174,58.3,220.749,2.323,55.749
385,25.232,306.524,-67543.505,4998.942,58.3,220.568,2.334,55.568
386,25.335,304.539,-67848.043,4973.607,58.3,220.386,2.344,55.386
387,25.435,302.544,-68150.588,4948.172,58.3,220.203,2.355,55.203
388,25.531,300.541,-68451.129,4922.642,58.3,220.02,2.365,55.02
389,25.623,298.529,-68749.658,4897.018,58.3,219.836,2.376,54.836
390,25.712,296.508,-69046.165,4871.306,58.3,219.651,2.386,54.651
391,25.797,294.477,-69340.643,4845.509,58.3,219.466,2.397,54.466
392,25.879,292.438,-69633.081,4819.63,58.3,219.28,2.408,54.28
393,25.957,290.389,-69923.47,4793.674,58.3,219.093,2.418,54.093
394,26.031,288.332,-70211.802,4767.643,58.3,218.906,2.429,53.906
395,26.101,286.265,-70498.067,4741.542,58.3,218.718,2.44,53.718
396,26.168,284.19,-70782.257,4715.373,58.3,218.529,2.45,53.529
397,26.231,282.105,-71064.362,4689.142,58.3,218.34,2.461,53.34
398,26.291,280.011,-71344.372,4662.851,58.3,218.149,2.472,53.149
399,26.347,277.907,-71622.28,4636.504,58.3,217.959,2.483,52.959
400,26.399,275.795,-71898.075,4610.106,58.3,217.767,2.494,52.767
401,26.447,273.673,-72171.748,4583.658,58.3,217.575,2.505,52.575
402,26.492,271.542,-72443.29,4557.166,58.3,217.383,2.516,52.383
403,26.533,269.402,-72712.692,4530.633,58.3,217.189,2.527,52.189
404,26.57,267.252,-72979.944,4504.063,58.3,216.995,2.537,51.995
405,26.604,265.093,-73245.038,4477.458,58.3,216.801,2.548,51.801
406,26.634,262.925,-73507.963,4450.824,58.3,216.605,2.559,51.605
407,26.66,260.748,-73768.71,4424.164,58.3,216.409,2.571,51.409
408,26.683,258.56,-74027.271,4397.481,58.3,216.213,2.582,51.213
409,26.701,256.364,-74283.635,4370.78,58.3,216.015,2.593,51.015
410,26.716,254.158,-74537.793,4344.064,58.3,215.817,2.604,50.817
411,26.728,251.943,-74789.736,4317.336,58.3,215.618,2.615,50.618
412,26.735,249.718,-75039.453,4290.601,58.3,215.419,2.626,50.419
413,26.739,247.483,-75286.937,4263.862,58.3,215.219,2.637,50.219
414,26.739,245.239,-75532.176,4237.123,58.3,215.018,2.649,50.018
415,26.735,242.986,-75775.162,4210.388,58.3,214.817,2.66,49.817
416,26.727,240.723,-76015.885,4183.66,58.3,214.615,2.671,49.615
417,26.716,238.45,-76254.335,4156.944,58.3,214.412,2.683,49.412
418,26.701,236.167,-76490.502,4130.243,58.3,214.209,2.694,49.209
419,26.682,233.875,-76724.378,4103.561,58.3,214.005,2.705,49.005
420,26.659,231.574,-76955.951,4076.902,58.3,213.8,2.717,48.8
421,26.633,229.262,-77185.213,4050.269,58.3,213.595,2.728,48.595
422,26.602,226.941,-77412.154,4023.667,58.3,213.389,2.74,48.389
423,26.568,224.61,-77636.764,3997.099,58.3,213.182,2.751,48.182
424,26.53,222.269,-77859.033,3970.569,58.3,212.975,2.763,47.975
425,26.488,219.918,-78078.951,3944.081,58.3,212.767,2.774,47.767
426,26.442,217.558,-78296.509,3917.638,58.3,212.558,2.786,47.558
427,26.393,215.187,-78511.696,3891.246,58.3,212.349,2.798,47.349
428,26.339,212.807,-78724.503,3864.906,58.3,212.139,2.809,47.139
429,26.282,210.417,-78934.92,3838.624,58.3,211.928,2.821,46.928
430,26.221,208.017,-79142.937,3812.403,58.3,211.717,2.833,46.717
431,26.156,205.606,-79348.543,3786.247,58.3,211.505,2.845,46.505
432,26.087,203.186,-79551.729,3760.16,58.3,211.292,2.856,46.292
433,26.014,200.756,-79752.485,3734.146,58.3,211.079,2.868,46.079
434,25.937,198.315,-79950.8,3708.209,58.3,210.865,2.88,45.865
435,25.857,195.865,-80146.665,3682.352,58.3,210.65,2.892,45.65
436,25.772,193.404,-80340.07,3656.58,58.3,210.435,2.904,45.435
437,25.684,190.934,-80531.003,3630.896,58.3,210.219,2.916,45.219
438,25.591,188.453,-80719.456,3605.305,58.3,210.002,2.928,45.002
439,25.495,185.962,-80905.418,3579.81,58.3,209.785,2.94,44.785
440,25.395,183.46,-81088.878,3554.415,58.3,209.567,2.952,44.567
441,25.29,180.949,-81269.827,3529.125,58.3,209.348,2.964,44.348
442,25.182,178.427,-81448.253,3503.943,58.3,209.129,2.976,44.129
443,25.07,175.894,-81624.147,3478.873,58.3,208.909,2.989,43.909
444,24.954,173.352,-81797.499,3453.919,58.3,208.688,3.001,43.688
445,24.833,170.799,-81968.297,3429.086,58.3,208.467,3.004,43.467
446,24.714,168.243,-82136.54,3404.372,58.3,208.247,3.007,43.247
447,24.595,165.684,-82302.224,3379.777,58.3,208.026,3.01,43.026
448,24.477,163.123,-82465.348,3355.299,58.3,207.805,3.013,42.805
449,24.36,160.559,-82625.907,3330.939,58.3,207.585,3.017,42.585
450,24.244,157.993,-82783.899,3306.695,58.3,207.364,3.02,42.364
451,24.128,155.423,-82939.322,3282.567,58.3,207.143,3.023,42.143
452,24.013,152.851,-83092.173,3258.554,58.3,206.923,3.026,41.923
453,23.899,150.276,-83242.45,3234.654,58.3,206.702,3.03,41.702
454,23.786,147.699,-83390.148,3210.868,58.3,206.481,3.033,41.481
455,23.673,145.118,-83535.266,3187.195,58.3,206.261,3.036,41.261
456,23.562,142.535,-83677.801,3163.633,58.3,206.04,3.039,41.04
457,23.45,139.949,-83817.751,3140.183,58.3,205.819,3.043,40.819
458,23.34,137.361,-83955.111,3116.843,58.3,205.599,3.046,40.599
459,23.231,134.769,-84089.88,3093.612,58.3,205.378,3.049,40.378
460,23.122,132.175,-84222.055,3070.49,58.3,205.157,3.052,40.157
461,23.014,129.578,-84351.633,3047.477,58.3,204.937,3.056,39.937
462,22.906,126.978,-84478.611,3024.57,58.3,204.716,3.059,39.716
463,22.8,124.376,-84602.987,3001.77,58.3,204.495,3.062,39.495
464,22.694,121.77,-84724.757,2979.076,58.3,204.275,3.066,39.275
465,22.589,119.162,-84843.919,2956.487,58.3,204.054,3.069,39.054
466,22.485,116.551,-84960.47,2934.002,58.3,203.833,3.072,38.833
467,22.381,113.937,-85074.407,2911.621,58.3,203.613,3.076,38.613
468,22.278,111.32,-85185.727,2889.343,58.3,203.392,3.079,38.392
469,22.176,108.701,-85294.428,2867.167,58.3,203.171,3.082,38.171
470,22.075,106.078,-85400.506,2845.092,58.3,202.951,3.086,37.951
471,21.974,103.453,-85503.959,2823.117,58.3,202.73,3.089,37.73
472,21.874,100.825,-85604.784,2801.243,58.3,202.509,3.092,37.509
473,21.775,98.194,-85702.978,2779.468,58.3,202.289,3.096,37.289
474,21.677,95.56,-85798.538,2757.791,58.3,202.068,3.099,37.068
475,21.579,92.923,-85891.462,2736.211,58.3,201.847,3.102,36.847
476,21.482,90.284,-85981.746,2714.729,58.3,201.627,3.106,36.627
477,21.386,87.641,-86069.387,2693.343,58.3,201.406,3.109,36.406
478,21.291,84.996,-86154.383,2672.052,58.3,201.185,3.113,36.185
479,21.196,82.348,-86236.731,2650.856,58.3,200.965,3.116,35.965
480,21.102,79.697,-86316.427,2629.754,58.3,200.744,3.119,35.744
481,21.009,77.042,-86393.47,2608.745,58.3,200.523,3.123,35.523
482,20.916,74.385,-86467.855,2587.828,58.3,200.303,3.126,35.303
483,20.825,71.725,-86539.58,2567.004,58.3,200.082,3.13,35.082
484,20.734,69.063,-86608.643,2546.27,58.3,199.861,3.133,34.861
485,20.643,66.397,-86675.04,2525.627,58.3,199.641,3.137,34.641
486,20.554,63.728,-86738.768,2505.073,58.3,199.42,3.14,34.42
487,20.465,61.056,-86799.824,2484.609,58.3,199.199,3.144,34.199
488,20.376,58.382,-86858.206,2464.232,58.3,198.979,3.147,33.979
489,20.289,55.704,-86913.91,2443.943,58.3,198.758,3.151,33.758
490,20.202,53.023,-86966.933,2423.741,58.3,198.537,3.154,33.537
491,20.116,50.34,-87017.273,2403.625,58.3,198.317,3.158,33.317
492,20.031,47.653,-87064.926,2383.594,58.3,198.096,3.161,33.096
493,19.946,44.964,-87109.889,2363.647,58.3,197.875,3.165,32.875
494,19.863,42.271,-87152.16,2343.785,58.3,197.655,3.159,32.655
495,19.784,39.584,-87191.744,2324,58.3,197.436,3.153,32.436
496,19.712,36.901,-87228.645,2304.288,58.3,197.217,3.147,32.217
497,19.645,34.224,-87262.869,2284.643,58.3,196.999,3.14,31.999
498,19.585,31.552,-87294.421,2265.058,58.3,196.782,3.134,31.782
499,19.529,28.886,-87323.307,2245.529,58.3,196.565,3.128,31.565
500,19.48,26.224,-87349.531,2226.049,58.3,196.349,3.122,31.349
501,19.437,23.568,-87373.099,2206.612,58.3,196.134,3.116,31.134
502,19.399,20.917,-87394.016,2187.213,58.3,195.919,3.109,30.919
503,19.367,18.271,-87412.288,2167.846,58.3,195.705,3.103,30.705
504,19.341,15.631,-87427.919,2148.505,58.3,195.492,3.097,30.492
505,19.321,12.996,-87440.915,2129.184,58.3,195.279,3.091,30.279
506,19.306,10.367,-87451.282,2109.878,58.3,195.067,3.084,30.067
507,19.298,7.743,-87459.024,2090.581,58.3,194.856,3.078,29.856
508,19.295,5.124,-87464.148,2071.286,58.3,194.645,3.072,29.645
509,19.298,2.51,-87466.658,2051.988,58.3,194.435,3.065,29.435
510,19.307,-0.097,-87466.561,2032.681,58.3,194.226,3.059,29.226
511,19.321,-0.097,-87466.463,2013.359,58.3,194.017,3.052,29.017
512,19.339,-0.097,-87466.366,1994.02,58.3,193.809,3.046,28.809
513,19.228,0,-87466.366,1974.792,55.3,193.698,1.626,28.698
514,19.855,0,-87466.366,1954.937,52.3,193.587,1.627,28.587
515,20.416,0,-87466.366,1934.521,49.3,193.476,1.628,28.476
516,20.913,0,-87466.366,1913.608,46.3,193.365,1.629,28.365
517,21.35,0,-87466.366,1892.259,43.3,193.254,1.63,28.254
518,21.728,0,-87466.366,1870.53,40.3,193.143,1.631,28.143
519,22.053,0,-87466.366,1848.477,37.3,193.032,1.632,28.032
520,22.327,0,-87466.366,1826.15,34.3,192.921,1.633,27.921
521,22.554,0,-87466.366,1803.596,31.3,192.81,1.634,27.81
522,22.737,0,-87466.366,1780.859,28.3,192.699,1.635,27.699
523,22.882,0,-87466.366,1757.977,25.3,192.588,1.636,27.588
524,22.99,0,-87466.366,1734.987,22.3,192.477,1.637,27.477
525,23.068,0,-87466.366,1711.919,19.3,192.366,1.638,27.366
526,23.118,0,-87466.366,1688.801,16.3,192.255,1.638,27.255
527,23.145,0,-87466.366,1665.656,13.3,192.144,1.639,27.144
528,23.154,0,-87466.366,1642.502,10.3,192.033,1.64,27.033
529,23.149,0,-87466.366,1619.352,7.3,191.922,1.641,26.922
530,23.135,0,-87466.366,1596.217,4.3,191.811,1.642,26.811
531,23.115,0,-87466.366,1573.102,1.3,191.7,1.643,26.7
532,23.094,0,-87466.366,1550.009,0,191.589,1.644,26.589
533,23.072,0,-87466.366,1526.937,0,191.478,1.645,26.478
534,23.049,0,-87466.366,1503.888,0,191.367,1.646,26.367
535,23.024,0,-87466.366,1480.864,0,191.256,1.647,26.256
536,22.999,0,-87466.366,1457.864,0,191.145,1.648,26.145
537,22.974,0,-87466.366,1434.891,0,191.034,1.649,26.034
538,22.947,0,-87466.366,1411.944,0,190.923,1.65,25.923
539,22.919,0,-87466.366,1389.026,0,190.812,1.651,25.812
540,22.89,0,-87466.366,1366.136,0,190.701,1.652,25.701
541,22.86,0,-87466.366,1343.276,0,190.59,1.653,25.59
542,22.829,0,-87466.366,1320.446,0,190.479,1.654,25.479
543,22.798,0,-87466.366,1297.649,0,190.368,1.655,25.368
544,22.765,0,-87466.366,1274.884,0,190.257,1.656,25.257
545,22.731,0,-87466.366,1252.153,0,190.146,1.657,25.146
546,22.697,0,-87466.366,1229.456,0,190.035,1.658,25.035
547,22.661,0,-87466.366,1206.795,0,189.924,1.659,24.924
548,22.624,0,-87466.366,1184.17,0,189.813,1.66,24.813
549,22.587,0,-87466.366,1161.583,0,189.702,1.66,24.702
550,22.548,0,-87466.366,1139.035,0,189.591,1.661,24.591
551,22.509,0,-87466.366,1116.526,0,189.48,1.662,24.48
552,22.469,0,-87466.366,1094.057,0,189.369,1.663,24.369
553,22.427,0,-87466.366,1071.63,0,189.258,1.664,24.258
554,22.385,0,-87466.366,1049.246,0,189.147,1.665,24.147
555,22.341,0,-87466.366,1026.904,0,189.036,1.666,24.036
556,22.297,0,-87466.366,1004.607,0,188.925,1.667,23.925
557,22.252,0,-87466.366,982.356,0,188.814,1.668,23.814
558,22.205,0,-87466.366,960.15,0,188.703,1.669,23.703
559,22.158,0,-87466.366,937.992,0,188.592,1.67,23.592
560,22.11,0,-87466.366,915.882,0,188.481,1.671,23.481
561,22.061,0,-87466.366,893.822,0,188.37,1.672,23.37
562,22.01,0,-87466.366,871.811,0,188.259,1.673,23.259
563,21.959,0,-87466.366,849.852,0,188.148,1.674,23.148
564,21.907,0,-87466.366,827.945,0,188.037,1.675,23.037
565,21.854,0,-87466.366,806.092,0,187.926,1.676,22.926
566,21.8,0,-87466.366,784.292,0,187.815,1.677,22.815
567,21.744,0,-87466.366,762.548,0,187.704,1.678,22.704
568,21.688,0,-87466.366,740.86,0,187.593,1.679,22.593
569,21.631,0,-87466.366,719.229,0,187.482,1.68,22.482
570,21.573,0,-87466.366,697.656,0,187.371,1.681,22.371
571,21.514,0,-87466.366,676.142,0,187.26,1.682,22.26
572,21.454,0,-87466.366,654.689,0,187.149,1.683,22.149
573,21.392,0,-87466.366,633.296,0,187.038,1.684,22.038
574,21.33,0,-87466.366,611.966,0,186.927,1.685,21.927
575,21.267,0,-87466.366,590.699,0,186.816,1.686,21.816
576,21.203,0,-87466.366,569.496,0,186.705,1.687,21.705
577,21.138,0,-87466.366,548.358,0,186.594,1.688,21.594
578,21.072,0,-87466.366,527.287,0,186.483,1.689,21.483
579,21.004,0,-87466.366,506.282,0,186.372,1.69,21.372
580,20.936,0,-87466.366,485.346,0,186.261,1.691,21.261
581,20.867,0,-87466.366,464.479,0,186.15,1.692,21.15
582,20.797,0,-87466.366,443.682,0,186.039,1.693,21.039
583,20.726,0,-87466.366,422.956,0,185.928,1.694,20.928
584,20.654,0,-87466.366,402.303,0,185.817,1.695,20.817
585,20.58,0,-87466.366,381.722,0,185.706,1.696,20.706
586,20.506,0,-87466.366,361.216,0,185.595,1.697,20.595
587,20.431,0,-87466.366,340.785,0,185.484,1.698,20.484
588,20.355,0,-87466.366,320.431,0,185.373,1.699,20.373
589,20.277,0,-87466.366,300.153,0,185.262,1.7,20.262
590,20.199,0,-87466.366,279.954,0,185.151,1.701,20.151
591,20.12,0,-87466.366,259.835,0,185.04,1.702,20.04
592,20.039,0,-87466.366,239.795,0,184.929,1.703,19.929
593,19.958,0,-87466.366,219.837,0,184.818,1.704,19.818
594,19.876,0,-87466.366,199.962,0,184.707,1.705,19.707
595,19.792,0,-87466.366,180.169,0,184.596,1.706,19.596
596,19.708,0,-87466.366,160.462,0,184.485,1.707,19.485
597,19.622,0,-87466.366,140.839,0,184.374,1.708,19.374
598,19.536,0,-87466.366,121.303,0,184.263,1.71,19.263
599,19.448,0,-87466.366,101.855,0,184.041,3.423,19.041
600,17.647,0,-87466.366,84.208,0,183.819,3.427,18.819
601,15.842,0,-87466.366,68.366,0,183.597,3.431,18.597
602,14.033,0,-87466.366,54.333,0,183.375,3.436,18.375
603,12.219,0,-87466.366,42.114,0,183.153,3.44,18.153
604,10.401,0,-87466.366,31.713,0,182.931,3.444,17.931
605,8.579,0,-87466.366,23.134,0,182.709,3.448,17.709
606,6.753,0,-87466.366,16.381,0,182.487,3.452,17.487
607,4.923,0,-87466.366,11.458,0,182.265,3.457,17.265
608,3.088,0,-87466.366,8.369,0,182.11,2.422,17.11
609,2.289,0,-87466.366,6.081,0,181.954,2.424,16.954
610,1.487,0,-87466.366,4.594,0,181.799,2.426,16.799
611,0.683,0,-87466.366,3.91,0,181.71,1.387,16.71
612,0.918,0,-87466.366,2.992,0,181.621,1.388,16.621
613,1.153,0,-87466.366,1.839,0,181.533,1.388,16.533
614,1.387,0,-87466.366,0.452,0,181.444,1.389,16.444
615,1.62,0,-87466.366,-1.168,0,181.355,1.39,16.355
